{
	"Flights_info":[
		{
			"flightNum":"A2344",
			"tailNum":"06782",
			"departureDate":"2022-03-04 00:00:00.000000",
			"destAirport":"02987",
			"landingDate":"2022-03-04 00:00:00.000000",
			"mainPilot":"012345677",
			"status":"delayed",
			"srcAirport":"02589"
		},
		{
			"flightNum":"A5678",
			"tailNum":"09874",
			"departureDate":"2022-03-05 00:00:00.000000",
			"destAirport":"02867",
			"landingDate":"2022-03-05 00:00:00.000000",
			"mainPilot":"012345677",
			"status":"delayed",
			"srcAirport":"02639"
		}
	]
}