{
	"Seats_info":[
		{
			"tailNum":"05487",
			"ColNum":"1",
			"RowNum":"1"
		},
		{
			"tailNum":"05487",
			"ColNum":"1",
			"RowNum":"2"
		},
		{
			"tailNum":"05487",
			"ColNum":"1",
			"RowNum":"3"
		},
		{
			"tailNum":"05487",
			"ColNum":"2",
			"RowNum":"4"
		},
		{
			"tailNum":"05487",
			"ColNum":"2",
			"RowNum":"5"
		},
		{
			"tailNum":"05487",
			"ColNum":"2",
			"RowNum":"6"
		},
		{
			"tailNum":"05857",
			"ColNum":"1",
			"RowNum":"7"
		},
		{
			"tailNum":"05857",
			"ColNum":"1",
			"RowNum":"8"
		},
		{
			"tailNum":"06782",
			"ColNum":"1",
			"RowNum":"9"
		},
		{
			"tailNum":"06782",
			"ColNum":"1",
			"RowNum":"10"
		},
		{
			"tailNum":"06978",
			"ColNum":"1",
			"RowNum":"11"
		},
		{
			"tailNum":"06978",
			"ColNum":"2",
			"RowNum":"12"
		},
		{
			"tailNum":"06978",
			"ColNum":"2",
			"RowNum":"13"
		},
		{
			"tailNum":"06978",
			"ColNum":"2",
			"RowNum":"14"
		},
		{
			"tailNum":"09874",
			"ColNum":"1",
			"RowNum":"15"
		},
		{
			"tailNum":"09874",
			"ColNum":"1",
			"RowNum":"16"
		},
		{
			"tailNum":"09874",
			"ColNum":"1",
			"RowNum":"17"
		},
		{
			"tailNum":"09874",
			"ColNum":"2",
			"RowNum":"18"
		},
		{
			"tailNum":"09874",
			"ColNum":"2",
			"RowNum":"19"
		},
		{
			"tailNum":"09874",
			"ColNum":"2",
			"RowNum":"20"
		}
	]
}